title,priority,modified_on
Task 1,3,2023-09-12 11:31:53.066903
Task 2,4,2023-09-12 11:31:53.069905
Task 3,1,2023-09-12 11:31:53.204090
Task 4,2,2023-09-12 11:31:53.222442
Task 5,3,2023-09-12 11:31:53.237442
Task 6,4,2023-09-12 11:31:53.251793
Task 7,1,2023-09-12 11:31:53.265088
Task 8,2,2023-09-12 11:31:53.278306
Task 9,3,2023-09-12 11:31:53.295663
Task 10,4,2023-09-12 11:31:53.309994
Task 11,1,2023-09-12 11:31:53.327489
Task 12,2,2023-09-12 11:31:53.343812
Task 13,3,2023-09-12 11:31:53.359158
Task 14,4,2023-09-12 11:31:53.375512
Task 15,1,2023-09-12 11:31:53.391721
Task 16,2,2023-09-12 11:31:53.407046
Task 17,3,2023-09-12 11:31:53.423380
Task 18,4,2023-09-12 11:31:53.436708
Task 19,1,2023-09-12 11:31:53.449948
Task 20,2,2023-09-12 11:31:53.464261
